case_id,reviewer_comment,manuscript_context,ai_response,completeness,scientific_accuracy,tone,actionability,clarity,expected_final_label
case_001,"The authors should clarify whether the regression models were adjusted for baseline stroke severity.","The Methods section states that multivariable models were adjusted for age, sex, baseline NIHSS, pre-stroke mRS, and onset-to-treatment time.","We thank the reviewer for this helpful comment. We have clarified in the Methods section that baseline stroke severity, measured by NIHSS, was included as an adjustment variable in all multivariable models.",5,5,5,4,5,strong
case_002,"Please explain how missing outcome data were handled.","The analysis used complete-case analysis for the primary model and multiple imputation as a sensitivity analysis.","We thank the reviewer for this comment. Missing data were not a major concern in our study.",2,2,4,1,3,poor
case_003,"The conclusion appears too strong for an observational study. Please avoid causal language.","The original conclusion stated: 'The intervention reduced mortality.' The study was observational and used adjusted regression models.","We agree with the reviewer and have revised the conclusion to avoid causal wording. The revised text now states that the intervention was associated with lower mortality, rather than implying a direct causal effect.",5,5,5,5,5,strong
case_004,"The authors should provide confidence intervals for all effect estimates in Table 2.","Table 2 currently reports odds ratios and p-values, but not 95% confidence intervals.","Thank you. We have improved Table 2.",3,4,4,2,3,needs_revision
case_005,"The manuscript should describe whether hospitals were treated as clustered observations.","The statistical analysis used cluster-robust standard errors at the hospital level.","We thank the reviewer for raising this important methodological point. We have clarified in the Statistical Analysis section that hospital-level clustering was accounted for using cluster-robust standard errors.",5,5,5,4,5,strong
case_006,"The authors should avoid saying that the intervention caused lower mortality because this was not a randomized trial.","The study was observational and found an association between the intervention and lower in-hospital mortality after multivariable adjustment.","We disagree with the reviewer. Since the adjusted model showed a statistically significant effect, we believe it is appropriate to state that the intervention caused lower mortality.",2,1,2,1,3,poor
case_007,"Please clarify the inclusion and exclusion criteria for the analytic cohort.","The Methods section describes adult patients with ischemic stroke treated between 2022 and 2024. Patients with missing treatment group or outcome data were excluded from the primary analysis.","We thank the reviewer for this suggestion. We have expanded the Methods section to clarify the inclusion criteria, study period, stroke subtype, and exclusions related to missing treatment group and outcome data.",5,5,5,4,5,strong
case_008,"The reviewer asks whether the results were consistent in sensitivity analyses using multiple imputation.","The sensitivity analysis using multiple imputation showed similar direction and magnitude of association compared with the complete-case analysis.","We performed several additional analyses and the results were generally similar.",3,4,4,2,3,needs_revision
case_009,"The authors should explain why discharge mRS was used instead of 90-day mRS.","The registry contained discharge mRS for most patients, whereas 90-day mRS was not consistently available across participating hospitals.","We thank the reviewer for this important comment. We have clarified that discharge mRS was selected because 90-day mRS was not consistently available across sites, and we now acknowledge this as a limitation in the Discussion.",5,5,5,5,5,strong
case_010,"The reviewer asks for a more detailed explanation of the statistical model used for the primary outcome.","The primary outcome was analyzed using multivariable logistic regression adjusted for age, sex, baseline NIHSS, pre-stroke mRS, onset-to-treatment time, and hospital clustering.","The model was appropriate and has now been described better.",3,4,3,2,3,needs_revision
case_011,"The authors should clarify whether the sensitivity analysis changed the interpretation of the main findings.","The sensitivity analysis showed a similar direction of association, but the confidence interval crossed the null value.","We thank the reviewer for this helpful suggestion. We have added a sentence noting that the sensitivity analysis showed a similar direction of association, although the estimate was less precise.",4,4,4,3,4,acceptable